dimension,segment,period,users,visits,meaningful_visits,meaningful_rate,product_visits,product_rate,catalog_landing_visits,catalog_to_product_visits,catalog_to_product_rate,intent_visits,intent_rate,intent_confidence
campaign,DDD_Dubai_wide_1,Волна 1 · январь–февраль,6562,7588,439,0.05785450711649974,406,0.05350553505535055,7463,283,0.0379204073428916,20,0.002635740643120717,Слабый сигнал
campaign,DDD_Dubai_wide_3,Волна 1 · январь–февраль,6667,7576,307,0.04052270327349525,256,0.0337909186906019,7550,233,0.03086092715231788,48,0.006335797254487857,Слабый сигнал
campaign,DDD_Dubai_wide_2,Волна 1 · январь–февраль,4730,4972,189,0.03801287208366854,156,0.031375703942075624,4959,142,0.028634805404315386,34,0.006838294448913918,Слабый сигнал
campaign,(none),Волна 1 · январь–февраль,1630,1926,1226,0.6365524402907581,1008,0.5233644859813084,506,129,0.2549407114624506,154,0.07995846313603323,Можно сравнивать
campaign,Dubai_rtrgt_26.01,Волна 1 · январь–февраль,166,177,65,0.3672316384180791,65,0.3672316384180791,152,40,0.2631578947368421,2,0.011299435028248588,Недостаточно данных
campaign,bio),Волна 1 · январь–февраль,48,60,29,0.48333333333333334,29,0.48333333333333334,50,20,0.4,0,0.0,Недостаточно данных
campaign,120239977513240764,Волна 1 · январь–февраль,56,59,45,0.7627118644067796,45,0.7627118644067796,16,2,0.125,1,0.01694915254237288,Недостаточно данных
campaign,bagsold,Волна 1 · январь–февраль,14,14,1,0.07142857142857142,1,0.07142857142857142,14,1,0.07142857142857142,0,0.0,Недостаточно данных
campaign,hlights,Волна 1 · январь–февраль,9,10,10,1.0,10,1.0,0,0,,0,0.0,Недостаточно данных
campaign,bagsnew),Волна 1 · январь–февраль,6,6,1,0.16666666666666666,1,0.16666666666666666,6,1,0.16666666666666666,0,0.0,Недостаточно данных
campaign,chat,Волна 1 · январь–февраль,4,4,0,0.0,0,0.0,4,0,0.0,0,0.0,Недостаточно данных
campaign,dubai_interests_1,Волна 1 · январь–февраль,4,4,0,0.0,0,0.0,4,0,0.0,0,0.0,Недостаточно данных
campaign,Dubai_rtrgt,Волна 1 · январь–февраль,3,3,0,0.0,0,0.0,3,0,0.0,0,0.0,Недостаточно данных
campaign,hlights),Волна 1 · январь–февраль,1,3,3,1.0,3,1.0,0,0,,0,0.0,Недостаточно данных
campaign,120240093969060764,Волна 1 · январь–февраль,1,1,1,1.0,1,1.0,0,0,,0,0.0,Недостаточно данных
campaign,bagsold),Волна 1 · январь–февраль,1,1,0,0.0,0,0.0,1,0,0.0,0,0.0,Недостаточно данных
campaign,{{adset.name}},Волна 1 · январь–февраль,1,1,0,0.0,0,0.0,1,0,0.0,0,0.0,Недостаточно данных
campaign,САЙТ 14.04.26,Волна 2 · апрель,23358,31887,1624,0.05092984601875372,1468,0.04603757016966162,31664,1278,0.04036129358261748,137,0.004296421739266786,Можно сравнивать
campaign,(none),Волна 2 · апрель,1271,1426,1067,0.7482468443197756,903,0.6332398316970547,109,35,0.3211009174311927,93,0.06521739130434782,Направленный сигнал
campaign,bio),Волна 2 · апрель,174,188,72,0.3829787234042553,68,0.3617021276595745,176,60,0.3409090909090909,3,0.015957446808510637,Недостаточно данных
campaign,"Новая кампания с целью ""Лиды""",Волна 2 · апрель,87,88,20,0.22727272727272727,19,0.2159090909090909,86,18,0.20930232558139536,0,0.0,Недостаточно данных
campaign,{{campaign.name}},Волна 2 · апрель,6,17,5,0.29411764705882354,3,0.17647058823529413,14,2,0.14285714285714285,2,0.11764705882352941,Недостаточно данных
campaign,DDD_Dubai_wide_1,Волна 2 · апрель,6,7,4,0.5714285714285714,4,0.5714285714285714,4,1,0.25,0,0.0,Недостаточно данных
campaign,DDD_Dubai_wide_3,Волна 2 · апрель,4,4,4,1.0,4,1.0,0,0,,0,0.0,Недостаточно данных
campaign,bio,Волна 2 · апрель,3,4,4,1.0,4,1.0,0,0,,0,0.0,Недостаточно данных
campaign,DDD_Dubai_wide_2,Волна 2 · апрель,2,3,1,0.3333333333333333,1,0.3333333333333333,2,0,0.0,0,0.0,Недостаточно данных
campaign,hlights,Волна 2 · апрель,3,3,3,1.0,3,1.0,0,0,,0,0.0,Недостаточно данных
campaign,bagsold,Волна 2 · апрель,2,2,0,0.0,0,0.0,2,0,0.0,0,0.0,Недостаточно данных
campaign,promo2,Волна 2 · апрель,1,1,1,1.0,1,1.0,0,0,,0,0.0,Недостаточно данных
campaign,САЙТ 14.04.26,Все периоды,23360,31900,1624,0.05090909090909091,1468,0.04601880877742947,31677,1278,0.04034472961454683,137,0.004294670846394984,Можно сравнивать
campaign,DDD_Dubai_wide_1,Все периоды,6565,7596,443,0.05832016850974197,410,0.05397577672459189,7468,284,0.03802892340653455,20,0.0026329647182727752,Слабый сигнал
campaign,DDD_Dubai_wide_3,Все периоды,6667,7580,311,0.041029023746701844,260,0.03430079155672823,7550,233,0.03086092715231788,48,0.0063324538258575196,Слабый сигнал
campaign,(none),Все периоды,4089,5030,3194,0.6349900596421472,2578,0.5125248508946322,886,247,0.27878103837471785,265,0.05268389662027833,Можно сравнивать
campaign,DDD_Dubai_wide_2,Все периоды,4730,4984,190,0.03812199036918138,157,0.0315008025682183,4970,142,0.02857142857142857,34,0.006821829855537721,Слабый сигнал
campaign,bio),Все периоды,337,392,170,0.4336734693877551,158,0.4030612244897959,352,125,0.35511363636363635,4,0.01020408163265306,Недостаточно данных
campaign,Dubai_rtrgt_26.01,Все периоды,166,177,65,0.3672316384180791,65,0.3672316384180791,152,40,0.2631578947368421,2,0.011299435028248588,Недостаточно данных
campaign,"Новая кампания с целью ""Лиды""",Все периоды,94,95,22,0.23157894736842105,20,0.21052631578947367,93,19,0.20430107526881722,0,0.0,Недостаточно данных
campaign,Dubai_Wide_22.05,Все периоды,81,85,80,0.9411764705882353,80,0.9411764705882353,6,1,0.16666666666666666,0,0.0,Недостаточно данных
campaign,120239977513240764,Все периоды,56,59,45,0.7627118644067796,45,0.7627118644067796,16,2,0.125,1,0.01694915254237288,Недостаточно данных
campaign,{{campaign.name}},Все периоды,7,25,7,0.28,3,0.12,22,2,0.09090909090909091,2,0.08,Недостаточно данных
campaign,hlights,Все периоды,18,21,21,1.0,21,1.0,0,0,,0,0.0,Недостаточно данных
campaign,bagsold,Все периоды,19,19,1,0.05263157894736842,1,0.05263157894736842,19,1,0.05263157894736842,0,0.0,Недостаточно данных
campaign,bagsnew),Все периоды,9,9,3,0.3333333333333333,3,0.3333333333333333,9,3,0.3333333333333333,0,0.0,Недостаточно данных
campaign,bio,Все периоды,5,6,4,0.6666666666666666,4,0.6666666666666666,2,0,0.0,0,0.0,Недостаточно данных
campaign,chat,Все периоды,4,4,0,0.0,0,0.0,4,0,0.0,0,0.0,Недостаточно данных
campaign,dubai_interests_1,Все периоды,4,4,0,0.0,0,0.0,4,0,0.0,0,0.0,Недостаточно данных
campaign,sag_organic,Все периоды,4,4,4,1.0,4,1.0,0,0,,0,0.0,Недостаточно данных
campaign,Dubai_rtrgt,Все периоды,3,3,0,0.0,0,0.0,3,0,0.0,0,0.0,Недостаточно данных
campaign,hlights),Все периоды,1,3,3,1.0,3,1.0,0,0,,0,0.0,Недостаточно данных
campaign,120240093969060764,Все периоды,1,1,1,1.0,1,1.0,0,0,,0,0.0,Недостаточно данных
campaign,Welcome — your 10% code is waiting_157793910829,Все периоды,1,1,1,1.0,1,1.0,0,0,,0,0.0,Недостаточно данных
campaign,bagetsilver,Все периоды,1,1,1,1.0,1,1.0,0,0,,0,0.0,Недостаточно данных
campaign,bagsold),Все периоды,1,1,0,0.0,0,0.0,1,0,0.0,0,0.0,Недостаточно данных
campaign,promo2,Все периоды,1,1,1,1.0,1,1.0,0,0,,0,0.0,Недостаточно данных
campaign,{{adset.name}},Все периоды,1,1,0,0.0,0,0.0,1,0,0.0,0,0.0,Недостаточно данных
campaign,(none),Низкий объём · июнь–июль,444,648,363,0.5601851851851852,225,0.3472222222222222,57,13,0.22807017543859648,12,0.018518518518518517,Недостаточно данных
campaign,Dubai_Wide_22.05,Низкий объём · июнь–июль,81,85,80,0.9411764705882353,80,0.9411764705882353,6,1,0.16666666666666666,0,0.0,Недостаточно данных
campaign,bio),Низкий объём · июнь–июль,53,64,35,0.546875,32,0.5,55,23,0.41818181818181815,1,0.015625,Недостаточно данных
campaign,hlights,Низкий объём · июнь–июль,4,6,6,1.0,6,1.0,0,0,,0,0.0,Недостаточно данных
campaign,DDD_Dubai_wide_2,Низкий объём · июнь–июль,1,3,0,0.0,0,0.0,3,0,0.0,0,0.0,Недостаточно данных
campaign,Welcome — your 10% code is waiting_157793910829,Низкий объём · июнь–июль,1,1,1,1.0,1,1.0,0,0,,0,0.0,Недостаточно данных
campaign,bagsold,Низкий объём · июнь–июль,1,1,0,0.0,0,0.0,1,0,0.0,0,0.0,Недостаточно данных
campaign,(none),Органика · март,784,1022,536,0.5244618395303327,440,0.43052837573385516,213,70,0.3286384976525822,6,0.005870841487279843,Недостаточно данных
campaign,bio),Органика · март,65,79,33,0.4177215189873418,28,0.35443037974683544,71,22,0.30985915492957744,0,0.0,Недостаточно данных
campaign,{{campaign.name}},Органика · март,3,8,2,0.25,0,0.0,8,0,0.0,0,0.0,Недостаточно данных
campaign,"Новая кампания с целью ""Лиды""",Органика · март,7,7,2,0.2857142857142857,1,0.14285714285714285,7,1,0.14285714285714285,0,0.0,Недостаточно данных
campaign,sag_organic,Органика · март,4,4,4,1.0,4,1.0,0,0,,0,0.0,Недостаточно данных
campaign,bagsnew),Органика · март,3,3,2,0.6666666666666666,2,0.6666666666666666,3,2,0.6666666666666666,0,0.0,Недостаточно данных
campaign,DDD_Dubai_wide_2,Органика · март,1,2,0,0.0,0,0.0,2,0,0.0,0,0.0,Недостаточно данных
campaign,bagsold,Органика · март,2,2,0,0.0,0,0.0,2,0,0.0,0,0.0,Недостаточно данных
campaign,bio,Органика · март,2,2,0,0.0,0,0.0,2,0,0.0,0,0.0,Недостаточно данных
campaign,hlights,Органика · март,2,2,2,1.0,2,1.0,0,0,,0,0.0,Недостаточно данных
campaign,DDD_Dubai_wide_1,Органика · март,1,1,0,0.0,0,0.0,1,0,0.0,0,0.0,Недостаточно данных
campaign,bagetsilver,Органика · март,1,1,1,1.0,1,1.0,0,0,,0,0.0,Недостаточно данных
campaign,САЙТ 14.04.26,Разрыв данных · апрель–июнь,6,13,0,0.0,0,0.0,13,0,0.0,0,0.0,Недостаточно данных
campaign,(none),Разрыв данных · апрель–июнь,3,8,2,0.25,2,0.25,1,0,0.0,0,0.0,Недостаточно данных
campaign,DDD_Dubai_wide_2,Разрыв данных · апрель–июнь,1,4,0,0.0,0,0.0,4,0,0.0,0,0.0,Недостаточно данных
campaign,bio),Разрыв данных · апрель–июнь,1,1,1,1.0,1,1.0,0,0,,0,0.0,Недостаточно данных
content,6,Волна 1 · январь–февраль,5549,6039,236,0.03907931776784236,195,0.03229011425732737,6023,181,0.030051469367424873,45,0.007451564828614009,Слабый сигнал
content,3,Волна 1 · январь–февраль,3892,4218,173,0.04101469890943575,148,0.03508771929824561,4196,125,0.02979027645376549,22,0.005215742057847321,Слабый сигнал
content,16,Волна 1 · январь–февраль,2276,2500,86,0.0344,75,0.03,2487,62,0.024929634097305992,6,0.0024,Недостаточно данных
content,(none),Волна 1 · январь–февраль,1541,1819,1187,0.6525563496426608,975,0.5360087960417812,395,92,0.23291139240506328,148,0.08136338647608576,Можно сравнивать
content,14,Волна 1 · январь–февраль,1462,1736,97,0.05587557603686636,94,0.05414746543778802,1695,54,0.03185840707964602,2,0.001152073732718894,Недостаточно данных
content,5,Волна 1 · январь–февраль,1095,1159,54,0.04659188955996549,48,0.04141501294219154,1155,44,0.0380952380952381,5,0.004314063848144953,Недостаточно данных
content,12,Волна 1 · январь–февраль,771,808,31,0.038366336633663366,27,0.03341584158415842,802,22,0.02743142144638404,3,0.0037128712871287127,Недостаточно данных
content,15,Волна 1 · январь–февраль,698,768,17,0.022135416666666668,13,0.016927083333333332,767,12,0.01564537157757497,5,0.006510416666666667,Недостаточно данных
content,13,Волна 1 · январь–февраль,643,675,88,0.13037037037037036,87,0.1288888888888889,659,71,0.10773899848254932,0,0.0,Недостаточно данных
content,4,Волна 1 · январь–февраль,500,514,25,0.048638132295719845,23,0.04474708171206226,511,20,0.03913894324853229,3,0.005836575875486381,Недостаточно данных
content,11,Волна 1 · январь–февраль,406,421,14,0.0332541567695962,10,0.023752969121140142,418,6,0.014354066985645933,2,0.004750593824228029,Недостаточно данных
content,2,Волна 1 · январь–февраль,387,398,91,0.228643216080402,88,0.22110552763819097,364,54,0.14835164835164835,3,0.007537688442211055,Недостаточно данных
content,1,Волна 1 · январь–февраль,368,376,50,0.13297872340425532,47,0.125,356,27,0.07584269662921349,1,0.0026595744680851063,Недостаточно данных
content,10,Волна 1 · январь–февраль,247,253,12,0.04743083003952569,10,0.039525691699604744,252,9,0.03571428571428571,2,0.007905138339920948,Недостаточно данных
content,9,Волна 1 · январь–февраль,209,212,10,0.04716981132075472,6,0.02830188679245283,209,4,0.019138755980861243,2,0.009433962264150943,Недостаточно данных
content,link_in_bio,Волна 1 · январь–февраль,170,199,78,0.39195979899497485,72,0.36180904522613067,185,59,0.31891891891891894,6,0.03015075376884422,Недостаточно данных
content,8,Волна 1 · январь–февраль,183,185,8,0.043243243243243246,4,0.021621621621621623,184,4,0.021739130434782608,3,0.016216216216216217,Недостаточно данных
content,7,Волна 1 · январь–февраль,58,58,8,0.13793103448275862,8,0.13793103448275862,53,3,0.05660377358490566,0,0.0,Недостаточно данных
content,Facebook_UA,Волна 1 · январь–февраль,46,49,48,0.9795918367346939,48,0.9795918367346939,1,0,0.0,1,0.02040816326530612,Недостаточно данных
content,120239979561640764,Волна 1 · январь–февраль,7,7,1,0.14285714285714285,1,0.14285714285714285,7,1,0.14285714285714285,0,0.0,Недостаточно данных
content,120239979561630764,Волна 1 · январь–февраль,5,5,1,0.2,1,0.2,5,1,0.2,0,0.0,Недостаточно данных
content,120239979561620764,Волна 1 · январь–февраль,3,3,0,0.0,0,0.0,3,0,0.0,0,0.0,Недостаточно данных
content,120239977513230764,Волна 1 · январь–февраль,1,1,0,0.0,0,0.0,1,0,0.0,0,0.0,Недостаточно данных
content,120240093969070764,Волна 1 · январь–февраль,1,1,1,1.0,1,1.0,0,0,,0,0.0,Недостаточно данных
content,{{ad.name}},Волна 1 · январь–февраль,1,1,0,0.0,0,0.0,1,0,0.0,0,0.0,Недостаточно данных
content,пост,Волна 2 · апрель,23348,31875,1624,0.050949019607843135,1468,0.046054901960784315,31652,1278,0.04037659547579932,137,0.004298039215686274,Можно сравнивать
content,(none),Волна 2 · апрель,1287,1447,1078,0.7449896337249482,914,0.6316516931582584,123,39,0.3170731707317073,93,0.06427090532135453,Направленный сигнал
content,link_in_bio,Волна 2 · апрель,165,175,67,0.38285714285714284,63,0.36,164,56,0.34146341463414637,3,0.017142857142857144,Недостаточно данных
content,1 — Копия,Волна 2 · апрель,87,88,20,0.22727272727272727,19,0.2159090909090909,86,18,0.20930232558139536,0,0.0,Недостаточно данных
content,{{ad.name}},Волна 2 · апрель,6,17,5,0.29411764705882354,3,0.17647058823529413,14,2,0.14285714285714285,2,0.11764705882352941,Недостаточно данных
content,11,Волна 2 · апрель,12,12,0,0.0,0,0.0,12,0,0.0,0,0.0,Недостаточно данных
content,16,Волна 2 · апрель,3,3,3,1.0,3,1.0,0,0,,0,0.0,Недостаточно данных
content,6,Волна 2 · апрель,2,3,1,0.3333333333333333,1,0.3333333333333333,2,0,0.0,0,0.0,Недостаточно данных
content,15,Волна 2 · апрель,2,2,0,0.0,0,0.0,2,0,0.0,0,0.0,Недостаточно данных
content,2,Волна 2 · апрель,1,2,1,0.5,1,0.5,2,1,0.5,0,0.0,Недостаточно данных
content,3,Волна 2 · апрель,2,2,2,1.0,2,1.0,0,0,,0,0.0,Недостаточно данных
content,230426,Волна 2 · апрель,1,1,1,1.0,1,1.0,0,0,,0,0.0,Недостаточно данных
content,5,Волна 2 · апрель,1,1,1,1.0,1,1.0,0,0,,0,0.0,Недостаточно данных
content,8,Волна 2 · апрель,1,1,1,1.0,1,1.0,0,0,,0,0.0,Недостаточно данных
content,Facebook_UA,Волна 2 · апрель,1,1,1,1.0,1,1.0,0,0,,0,0.0,Недостаточно данных
content,пост,Все периоды,23350,31888,1624,0.05092824887104867,1468,0.04603612644254892,31665,1278,0.0403600189483657,137,0.0042962870045158055,Можно сравнивать
content,6,Все периоды,5549,6051,237,0.039167079821517105,196,0.03239134027433482,6034,181,0.029996685449121645,45,0.0074367873078829945,Слабый сигнал
content,(none),Все периоды,4037,4983,3184,0.6389725065221754,2574,0.5165562913907285,816,219,0.26838235294117646,260,0.05217740317078066,Можно сравнивать
content,3,Все периоды,3897,4225,179,0.042366863905325444,154,0.03644970414201183,4197,125,0.02978317846080534,22,0.005207100591715977,Слабый сигнал
content,16,Все периоды,2276,2503,89,0.035557331202556934,78,0.03116260487415102,2487,62,0.024929634097305992,6,0.0023971234518577705,Недостаточно данных
content,14,Все периоды,1463,1737,97,0.055843408175014396,94,0.05411629245826137,1696,54,0.031839622641509434,2,0.0011514104778353484,Недостаточно данных
content,5,Все периоды,1095,1160,55,0.04741379310344827,49,0.04224137931034483,1155,44,0.0380952380952381,5,0.004310344827586207,Недостаточно данных
content,12,Все периоды,771,808,31,0.038366336633663366,27,0.03341584158415842,802,22,0.02743142144638404,3,0.0037128712871287127,Недостаточно данных
content,15,Все периоды,700,770,17,0.02207792207792208,13,0.016883116883116882,769,12,0.015604681404421327,5,0.006493506493506494,Недостаточно данных
content,13,Все периоды,643,675,88,0.13037037037037036,87,0.1288888888888889,659,71,0.10773899848254932,0,0.0,Недостаточно данных
content,4,Все периоды,503,517,28,0.05415860735009671,26,0.05029013539651837,511,20,0.03913894324853229,3,0.005802707930367505,Недостаточно данных
content,link_in_bio,Все периоды,440,497,208,0.41851106639839036,190,0.3822937625754527,456,157,0.3442982456140351,9,0.018108651911468814,Недостаточно данных
content,2,Все периоды,461,477,165,0.34591194968553457,162,0.33962264150943394,371,56,0.1509433962264151,3,0.006289308176100629,Недостаточно данных
content,11,Все периоды,418,433,14,0.03233256351039261,10,0.023094688221709007,430,6,0.013953488372093023,2,0.004618937644341801,Недостаточно данных
content,1,Все периоды,368,376,50,0.13297872340425532,47,0.125,356,27,0.07584269662921349,1,0.0026595744680851063,Недостаточно данных
content,10,Все периоды,247,253,12,0.04743083003952569,10,0.039525691699604744,252,9,0.03571428571428571,2,0.007905138339920948,Недостаточно данных
content,9,Все периоды,209,212,10,0.04716981132075472,6,0.02830188679245283,209,4,0.019138755980861243,2,0.009433962264150943,Недостаточно данных
content,8,Все периоды,183,186,9,0.04838709677419355,5,0.026881720430107527,184,4,0.021739130434782608,3,0.016129032258064516,Недостаточно данных
content,1 — Копия,Все периоды,94,95,22,0.23157894736842105,20,0.21052631578947367,93,19,0.20430107526881722,0,0.0,Недостаточно данных
content,7,Все периоды,58,58,8,0.13793103448275862,8,0.13793103448275862,53,3,0.05660377358490566,0,0.0,Недостаточно данных
content,Facebook_UA,Все периоды,47,50,49,0.98,49,0.98,1,0,0.0,1,0.02,Недостаточно данных
content,{{ad.name}},Все периоды,8,26,7,0.2692307692307692,3,0.11538461538461539,23,2,0.08695652173913043,2,0.07692307692307693,Недостаточно данных
content,120239979561640764,Все периоды,7,7,1,0.14285714285714285,1,0.14285714285714285,7,1,0.14285714285714285,0,0.0,Недостаточно данных
content,120239979561630764,Все периоды,5,5,1,0.2,1,0.2,5,1,0.2,0,0.0,Недостаточно данных
content,sag_organic,Все периоды,4,4,4,1.0,4,1.0,0,0,,0,0.0,Недостаточно данных
content,120239979561620764,Все периоды,3,3,0,0.0,0,0.0,3,0,0.0,0,0.0,Недостаточно данных
content,120239977513230764,Все периоды,1,1,0,0.0,0,0.0,1,0,0.0,0,0.0,Недостаточно данных
content,120240093969070764,Все периоды,1,1,1,1.0,1,1.0,0,0,,0,0.0,Недостаточно данных
content,230426,Все периоды,1,1,1,1.0,1,1.0,0,0,,0,0.0,Недостаточно данных
content,(none),Низкий объём · июнь–июль,453,665,373,0.5609022556390978,237,0.35639097744360904,68,16,0.23529411764705882,13,0.019548872180451128,Недостаточно данных
content,2,Низкий объём · июнь–июль,74,77,73,0.948051948051948,73,0.948051948051948,5,1,0.2,0,0.0,Недостаточно данных
content,link_in_bio,Низкий объём · июнь–июль,48,55,32,0.5818181818181818,27,0.4909090909090909,45,20,0.4444444444444444,0,0.0,Недостаточно данных
content,3,Низкий объём · июнь–июль,5,5,4,0.8,4,0.8,1,0,0.0,0,0.0,Недостаточно данных
content,4,Низкий объём · июнь–июль,3,3,3,1.0,3,1.0,0,0,,0,0.0,Недостаточно данных
content,6,Низкий объём · июнь–июль,1,3,0,0.0,0,0.0,3,0,0.0,0,0.0,Недостаточно данных
content,(none),Органика · март,800,1044,544,0.5210727969348659,446,0.4272030651340996,229,72,0.314410480349345,6,0.005747126436781609,Недостаточно данных
content,link_in_bio,Органика · март,58,67,30,0.44776119402985076,27,0.40298507462686567,62,22,0.3548387096774194,0,0.0,Недостаточно данных
content,{{ad.name}},Органика · март,3,8,2,0.25,0,0.0,8,0,0.0,0,0.0,Недостаточно данных
content,1 — Копия,Органика · март,7,7,2,0.2857142857142857,1,0.14285714285714285,7,1,0.14285714285714285,0,0.0,Недостаточно данных
content,sag_organic,Органика · март,4,4,4,1.0,4,1.0,0,0,,0,0.0,Недостаточно данных
content,6,Органика · март,1,2,0,0.0,0,0.0,2,0,0.0,0,0.0,Недостаточно данных
content,14,Органика · март,1,1,0,0.0,0,0.0,1,0,0.0,0,0.0,Недостаточно данных
content,пост,Разрыв данных · апрель–июнь,6,13,0,0.0,0,0.0,13,0,0.0,0,0.0,Недостаточно данных
content,(none),Разрыв данных · апрель–июнь,3,8,2,0.25,2,0.25,1,0,0.0,0,0.0,Недостаточно данных
content,6,Разрыв данных · апрель–июнь,1,4,0,0.0,0,0.0,4,0,0.0,0,0.0,Недостаточно данных
content,link_in_bio,Разрыв данных · апрель–июнь,1,1,1,1.0,1,1.0,0,0,,0,0.0,Недостаточно данных
country,ОАЭ,Волна 1 · январь–февраль,16928,19357,1769,0.0913881283256703,1550,0.08007439169292763,18375,753,0.04097959183673469,211,0.010900449449811438,Можно сравнивать
country,Индия,Волна 1 · январь–февраль,375,419,33,0.07875894988066826,26,0.06205250596658711,401,15,0.03740648379052369,4,0.00954653937947494,Недостаточно данных
country,Соединенные Штаты,Волна 1 · январь–февраль,364,393,44,0.11195928753180662,35,0.089058524173028,309,8,0.025889967637540454,2,0.005089058524173028,Недостаточно данных
country,Россия,Волна 1 · январь–февраль,238,325,190,0.5846153846153846,150,0.46153846153846156,58,11,0.1896551724137931,12,0.036923076923076927,Недостаточно данных
country,Франция,Волна 1 · январь–февраль,281,305,21,0.06885245901639345,18,0.05901639344262295,290,8,0.027586206896551724,3,0.009836065573770493,Недостаточно данных
country,Германия,Волна 1 · январь–февраль,213,231,21,0.09090909090909091,17,0.0735930735930736,215,6,0.027906976744186046,4,0.017316017316017316,Недостаточно данных
country,Сингапур,Волна 1 · январь–февраль,218,231,13,0.05627705627705628,11,0.047619047619047616,225,6,0.02666666666666667,2,0.008658008658008658,Недостаточно данных
country,Нидерланды,Волна 1 · январь–февраль,135,158,38,0.24050632911392406,33,0.2088607594936709,87,7,0.08045977011494253,2,0.012658227848101266,Недостаточно данных
country,Пакистан,Волна 1 · январь–февраль,97,111,5,0.04504504504504504,3,0.02702702702702703,103,0,0.0,2,0.018018018018018018,Недостаточно данных
country,Великобритания,Волна 1 · январь–февраль,94,101,8,0.07920792079207921,6,0.0594059405940594,94,2,0.02127659574468085,2,0.019801980198019802,Недостаточно данных
country,Бангладеш,Волна 1 · январь–февраль,66,77,6,0.07792207792207792,4,0.05194805194805195,75,3,0.04,1,0.012987012987012988,Недостаточно данных
country,Черногория,Волна 1 · январь–февраль,10,75,36,0.48,17,0.22666666666666666,17,3,0.17647058823529413,6,0.08,Недостаточно данных
country,Непал,Волна 1 · январь–февраль,67,73,3,0.0410958904109589,3,0.0410958904109589,70,0,0.0,1,0.0136986301369863,Недостаточно данных
country,Египет,Волна 1 · январь–февраль,43,47,6,0.1276595744680851,5,0.10638297872340426,41,1,0.024390243902439025,0,0.0,Недостаточно данных
country,Беларусь,Волна 1 · январь–февраль,20,35,15,0.42857142857142855,11,0.3142857142857143,11,1,0.09090909090909091,5,0.14285714285714285,Недостаточно данных
country,Ирландия,Волна 1 · январь–февраль,34,34,4,0.11764705882352941,3,0.08823529411764706,30,0,0.0,0,0.0,Недостаточно данных
country,Финляндия,Волна 1 · январь–февраль,29,30,7,0.23333333333333334,6,0.2,24,2,0.08333333333333333,0,0.0,Недостаточно данных
country,Саудовская Аравия,Волна 1 · январь–февраль,26,28,3,0.10714285714285714,3,0.10714285714285714,28,3,0.10714285714285714,0,0.0,Недостаточно данных
country,Литва,Волна 1 · январь–февраль,24,24,4,0.16666666666666666,3,0.125,22,1,0.045454545454545456,0,0.0,Недостаточно данных
country,Филиппины,Волна 1 · январь–февраль,20,21,2,0.09523809523809523,2,0.09523809523809523,20,1,0.05,0,0.0,Недостаточно данных
country,Армения,Волна 1 · январь–февраль,11,15,5,0.3333333333333333,3,0.2,0,0,,0,0.0,Недостаточно данных
country,Оман,Волна 1 · январь–февраль,13,14,1,0.07142857142857142,1,0.07142857142857142,14,1,0.07142857142857142,0,0.0,Недостаточно данных
country,Индонезия,Волна 1 · январь–февраль,10,13,4,0.3076923076923077,3,0.23076923076923078,10,1,0.1,0,0.0,Недостаточно данных
country,Эфиопия,Волна 1 · январь–февраль,13,13,1,0.07692307692307693,1,0.07692307692307693,13,1,0.07692307692307693,0,0.0,Недостаточно данных
country,Италия,Волна 1 · январь–февраль,11,12,2,0.16666666666666666,2,0.16666666666666666,11,1,0.09090909090909091,0,0.0,Недостаточно данных
country,Таиланд,Волна 1 · январь–февраль,8,12,5,0.4166666666666667,5,0.4166666666666667,5,1,0.2,0,0.0,Недостаточно данных
country,Чехия,Волна 1 · январь–февраль,11,12,2,0.16666666666666666,2,0.16666666666666666,10,1,0.1,0,0.0,Недостаточно данных
country,Шри-Ланка,Волна 1 · январь–февраль,12,12,3,0.25,3,0.25,10,1,0.1,0,0.0,Недостаточно данных
country,Канада,Волна 1 · январь–февраль,11,11,2,0.18181818181818182,2,0.18181818181818182,7,0,0.0,0,0.0,Недостаточно данных
country,Неизвестно,Волна 1 · январь–февраль,10,11,4,0.36363636363636365,2,0.18181818181818182,6,1,0.16666666666666666,0,0.0,Недостаточно данных
country,Швеция,Волна 1 · январь–февраль,10,11,2,0.18181818181818182,2,0.18181818181818182,7,1,0.14285714285714285,0,0.0,Недостаточно данных
country,Кипр,Волна 1 · январь–февраль,9,10,2,0.2,2,0.2,9,1,0.1111111111111111,0,0.0,Недостаточно данных
country,Австрия,Волна 1 · январь–февраль,7,9,4,0.4444444444444444,4,0.4444444444444444,6,1,0.16666666666666666,0,0.0,Недостаточно данных
country,Камбоджа,Волна 1 · январь–февраль,9,9,3,0.3333333333333333,2,0.2222222222222222,6,0,0.0,1,0.1111111111111111,Недостаточно данных
country,Польша,Волна 1 · январь–февраль,9,9,4,0.4444444444444444,1,0.1111111111111111,5,0,0.0,0,0.0,Недостаточно данных
country,Сербия,Волна 1 · январь–февраль,7,9,6,0.6666666666666666,6,0.6666666666666666,3,0,0.0,0,0.0,Недостаточно данных
country,Иордания,Волна 1 · январь–февраль,8,8,3,0.375,3,0.375,6,1,0.16666666666666666,0,0.0,Недостаточно данных
country,Кения,Волна 1 · январь–февраль,7,8,1,0.125,1,0.125,7,0,0.0,0,0.0,Недостаточно данных
country,Колумбия,Волна 1 · январь–февраль,2,7,0,0.0,0,0.0,7,0,0.0,0,0.0,Недостаточно данных
country,Норвегия,Волна 1 · январь–февраль,6,7,3,0.42857142857142855,2,0.2857142857142857,4,0,0.0,0,0.0,Недостаточно данных
country,Бахрейн,Волна 1 · январь–февраль,6,6,0,0.0,0,0.0,6,0,0.0,0,0.0,Недостаточно данных
country,Израиль,Волна 1 · январь–февраль,5,6,1,0.16666666666666666,1,0.16666666666666666,5,0,0.0,0,0.0,Недостаточно данных
country,Ливан,Волна 1 · январь–февраль,5,6,1,0.16666666666666666,1,0.16666666666666666,6,1,0.16666666666666666,0,0.0,Недостаточно данных
country,Молдова,Волна 1 · январь–февраль,6,6,1,0.16666666666666666,1,0.16666666666666666,4,0,0.0,0,0.0,Недостаточно данных
country,Турция,Волна 1 · январь–февраль,6,6,2,0.3333333333333333,2,0.3333333333333333,4,0,0.0,0,0.0,Недостаточно данных
country,Вьетнам,Волна 1 · январь–февраль,4,5,1,0.2,1,0.2,1,0,0.0,0,0.0,Недостаточно данных
country,Испания,Волна 1 · январь–февраль,5,5,1,0.2,1,0.2,4,0,0.0,0,0.0,Недостаточно данных
country,Катар,Волна 1 · январь–февраль,5,5,0,0.0,0,0.0,5,0,0.0,0,0.0,Недостаточно данных
country,Швейцария,Волна 1 · январь–февраль,5,5,3,0.6,2,0.4,4,1,0.25,1,0.2,Недостаточно данных
country,Болгария,Волна 1 · январь–февраль,4,4,3,0.75,3,0.75,1,0,0.0,0,0.0,Недостаточно данных
country,Казахстан,Волна 1 · январь–февраль,3,4,3,0.75,2,0.5,1,0,0.0,0,0.0,Недостаточно данных
country,Австралия,Волна 1 · январь–февраль,3,3,1,0.3333333333333333,1,0.3333333333333333,2,0,0.0,0,0.0,Недостаточно данных
country,Алжир,Волна 1 · январь–февраль,3,3,1,0.3333333333333333,1,0.3333333333333333,2,0,0.0,0,0.0,Недостаточно данных
country,Афганистан,Волна 1 · январь–февраль,3,3,1,0.3333333333333333,0,0.0,2,0,0.0,0,0.0,Недостаточно данных
country,Ирак,Волна 1 · январь–февраль,3,3,2,0.6666666666666666,2,0.6666666666666666,3,2,0.6666666666666666,0,0.0,Недостаточно данных
country,Марокко,Волна 1 · январь–февраль,3,3,1,0.3333333333333333,1,0.3333333333333333,2,0,0.0,0,0.0,Недостаточно данных
country,Южно-Африканская Республика,Волна 1 · январь–февраль,3,3,1,0.3333333333333333,1,0.3333333333333333,2,0,0.0,0,0.0,Недостаточно данных
country,Азербайджан,Волна 1 · январь–февраль,2,2,2,1.0,2,1.0,1,1,1.0,0,0.0,Недостаточно данных
country,Бразилия,Волна 1 · январь–февраль,2,2,0,0.0,0,0.0,2,0,0.0,0,0.0,Недостаточно данных
country,Камерун,Волна 1 · январь–февраль,2,2,0,0.0,0,0.0,2,0,0.0,0,0.0,Недостаточно данных
country,Кувейт,Волна 1 · январь–февраль,2,2,0,0.0,0,0.0,2,0,0.0,0,0.0,Недостаточно данных
country,Ливия,Волна 1 · январь–февраль,1,2,0,0.0,0,0.0,2,0,0.0,0,0.0,Недостаточно данных
country,Республика Корея,Волна 1 · январь–февраль,2,2,0,0.0,0,0.0,2,0,0.0,0,0.0,Недостаточно данных
country,Руанда,Волна 1 · январь–февраль,2,2,0,0.0,0,0.0,2,0,0.0,0,0.0,Недостаточно данных
country,Тунис,Волна 1 · январь–февраль,2,2,0,0.0,0,0.0,2,0,0.0,0,0.0,Недостаточно данных
country,Узбекистан,Волна 1 · январь–февраль,2,2,1,0.5,1,0.5,1,0,0.0,0,0.0,Недостаточно данных
country,Аргентина,Волна 1 · январь–февраль,1,1,0,0.0,0,0.0,1,0,0.0,0,0.0,Недостаточно данных
country,Бельгия,Волна 1 · январь–февраль,1,1,1,1.0,1,1.0,0,0,,0,0.0,Недостаточно данных
country,Бенин,Волна 1 · январь–февраль,1,1,0,0.0,0,0.0,1,0,0.0,0,0.0,Недостаточно данных
country,Босния и Герцеговина,Волна 1 · январь–февраль,1,1,0,0.0,0,0.0,1,0,0.0,0,0.0,Недостаточно данных
country,Венесуэла,Волна 1 · январь–февраль,1,1,0,0.0,0,0.0,1,0,0.0,0,0.0,Недостаточно данных
country,Гамбия,Волна 1 · январь–февраль,1,1,0,0.0,0,0.0,1,0,0.0,0,0.0,Недостаточно данных
country,Доминика,Волна 1 · январь–февраль,1,1,1,1.0,1,1.0,1,1,1.0,0,0.0,Недостаточно данных
country,Зимбабве,Волна 1 · январь–февраль,1,1,0,0.0,0,0.0,1,0,0.0,0,0.0,Недостаточно данных
country,Йемен,Волна 1 · январь–февраль,1,1,0,0.0,0,0.0,1,0,0.0,0,0.0,Недостаточно данных
country,Киргизия,Волна 1 · январь–февраль,1,1,1,1.0,1,1.0,0,0,,0,0.0,Недостаточно данных
country,Китай,Волна 1 · январь–февраль,1,1,0,0.0,0,0.0,1,0,0.0,0,0.0,Недостаточно данных
country,Лихтенштейн,Волна 1 · январь–февраль,1,1,0,0.0,0,0.0,1,0,0.0,0,0.0,Недостаточно данных
country,Малайзия,Волна 1 · январь–февраль,1,1,0,0.0,0,0.0,0,0,,0,0.0,Недостаточно данных
country,Мексика,Волна 1 · январь–февраль,1,1,0,0.0,0,0.0,1,0,0.0,0,0.0,Недостаточно данных
country,Нигерия,Волна 1 · январь–февраль,1,1,0,0.0,0,0.0,1,0,0.0,0,0.0,Недостаточно данных
country,Португалия,Волна 1 · январь–февраль,1,1,0,0.0,0,0.0,0,0,,0,0.0,Недостаточно данных
country,Румыния,Волна 1 · январь–февраль,1,1,1,1.0,1,1.0,1,1,1.0,0,0.0,Недостаточно данных
country,Словакия,Волна 1 · январь–февраль,1,1,1,1.0,1,1.0,1,1,1.0,0,0.0,Недостаточно данных
country,Сомали,Волна 1 · январь–февраль,1,1,0,0.0,0,0.0,1,0,0.0,0,0.0,Недостаточно данных
country,Сьерра-Леоне,Волна 1 · январь–февраль,1,1,0,0.0,0,0.0,1,0,0.0,0,0.0,Недостаточно данных
country,Таджикистан,Волна 1 · январь–февраль,1,1,0,0.0,0,0.0,1,0,0.0,0,0.0,Недостаточно данных
country,Тайвань,Волна 1 · январь–февраль,1,1,0,0.0,0,0.0,0,0,,0,0.0,Недостаточно данных
country,Уганда,Волна 1 · январь–февраль,1,1,0,0.0,0,0.0,0,0,,0,0.0,Недостаточно данных
country,Япония,Волна 1 · январь–февраль,1,1,0,0.0,0,0.0,1,0,0.0,0,0.0,Недостаточно данных
country,ОАЭ,Волна 2 · апрель,20922,28266,2061,0.07291445552961155,1857,0.0656973041817024,27436,1155,0.04209797346551976,185,0.006544965683152905,Можно сравнивать
country,Индия,Волна 2 · апрель,1179,1612,164,0.10173697270471464,145,0.08995037220843673,1545,90,0.05825242718446602,17,0.01054590570719603,Недостаточно данных
country,Соединенные Штаты,Волна 2 · апрель,408,481,36,0.07484407484407485,33,0.06860706860706861,425,12,0.02823529411764706,1,0.002079002079002079,Недостаточно данных
country,Россия,Волна 2 · апрель,338,422,218,0.5165876777251185,170,0.4028436018957346,84,19,0.2261904761904762,3,0.0071090047393364926,Недостаточно данных
country,Пакистан,Волна 2 · апрель,278,408,35,0.0857843137254902,29,0.07107843137254902,394,16,0.04060913705583756,2,0.004901960784313725,Недостаточно данных
country,Франция,Волна 2 · апрель,269,338,33,0.09763313609467456,30,0.08875739644970414,313,11,0.03514376996805112,5,0.014792899408284023,Недостаточно данных
country,Непал,Волна 2 · апрель,266,327,23,0.07033639143730887,21,0.06422018348623854,316,12,0.0379746835443038,2,0.0061162079510703364,Недостаточно данных
country,Германия,Волна 2 · апрель,231,270,26,0.0962962962962963,19,0.07037037037037037,248,10,0.04032258064516129,6,0.022222222222222223,Недостаточно данных
country,Нидерланды,Волна 2 · апрель,226,256,31,0.12109375,24,0.09375,217,6,0.027649769585253458,3,0.01171875,Недостаточно данных
country,Сингапур,Волна 2 · апрель,169,207,18,0.08695652173913043,17,0.0821256038647343,203,13,0.06403940886699508,3,0.014492753623188406,Недостаточно данных
country,Бангладеш,Волна 2 · апрель,136,202,16,0.07920792079207921,13,0.06435643564356436,198,9,0.045454545454545456,2,0.009900990099009901,Недостаточно данных
country,Великобритания,Волна 2 · апрель,92,107,18,0.16822429906542055,15,0.14018691588785046,89,3,0.033707865168539325,0,0.0,Недостаточно данных
country,Египет,Волна 2 · апрель,52,66,2,0.030303030303030304,2,0.030303030303030304,66,2,0.030303030303030304,0,0.0,Недостаточно данных
country,Филиппины,Волна 2 · апрель,34,51,2,0.0392156862745098,2,0.0392156862745098,49,2,0.04081632653061224,0,0.0,Недостаточно данных
country,Неизвестно,Волна 2 · апрель,35,39,9,0.23076923076923078,8,0.20512820512820512,27,1,0.037037037037037035,0,0.0,Недостаточно данных
country,Эфиопия,Волна 2 · апрель,32,39,4,0.10256410256410256,3,0.07692307692307693,38,2,0.05263157894736842,1,0.02564102564102564,Недостаточно данных
country,Оман,Волна 2 · апрель,27,37,4,0.10810810810810811,2,0.05405405405405406,35,1,0.02857142857142857,2,0.05405405405405406,Недостаточно данных
country,Канада,Волна 2 · апрель,30,36,7,0.19444444444444445,7,0.19444444444444445,28,2,0.07142857142857142,0,0.0,Недостаточно данных
country,Кипр,Волна 2 · апрель,28,29,2,0.06896551724137931,2,0.06896551724137931,27,0,0.0,0,0.0,Недостаточно данных
country,Польша,Волна 2 · апрель,27,28,9,0.32142857142857145,8,0.2857142857142857,20,4,0.2,0,0.0,Недостаточно данных
country,Саудовская Аравия,Волна 2 · апрель,20,27,2,0.07407407407407407,2,0.07407407407407407,27,2,0.07407407407407407,0,0.0,Недостаточно данных
country,Таиланд,Волна 2 · апрель,11,26,16,0.6153846153846154,15,0.5769230769230769,7,4,0.5714285714285714,0,0.0,Недостаточно данных
country,Испания,Волна 2 · апрель,23,24,0,0.0,0,0.0,22,0,0.0,0,0.0,Недостаточно данных
country,Финляндия,Волна 2 · апрель,23,23,5,0.21739130434782608,3,0.13043478260869565,16,1,0.0625,0,0.0,Недостаточно данных
country,Италия,Волна 2 · апрель,17,22,4,0.18181818181818182,4,0.18181818181818182,19,3,0.15789473684210525,0,0.0,Недостаточно данных
country,Беларусь,Волна 2 · апрель,17,20,8,0.4,6,0.3,1,0,0.0,0,0.0,Недостаточно данных
country,Турция,Волна 2 · апрель,17,19,5,0.2631578947368421,5,0.2631578947368421,16,2,0.125,0,0.0,Недостаточно данных
country,Шри-Ланка,Волна 2 · апрель,19,19,0,0.0,0,0.0,19,0,0.0,0,0.0,Недостаточно данных
country,Молдова,Волна 2 · апрель,14,17,1,0.058823529411764705,1,0.058823529411764705,17,1,0.058823529411764705,0,0.0,Недостаточно данных
country,Ирландия,Волна 2 · апрель,13,16,0,0.0,0,0.0,14,0,0.0,0,0.0,Недостаточно данных
country,Литва,Волна 2 · апрель,16,16,0,0.0,0,0.0,15,0,0.0,0,0.0,Недостаточно данных
country,Индонезия,Волна 2 · апрель,12,13,1,0.07692307692307693,1,0.07692307692307693,13,1,0.07692307692307693,0,0.0,Недостаточно данных
country,Черногория,Волна 2 · апрель,8,13,6,0.46153846153846156,2,0.15384615384615385,2,0,0.0,0,0.0,Недостаточно данных
country,Катар,Волна 2 · апрель,10,12,2,0.16666666666666666,2,0.16666666666666666,11,1,0.09090909090909091,0,0.0,Недостаточно данных
country,Швейцария,Волна 2 · апрель,11,11,2,0.18181818181818182,2,0.18181818181818182,8,1,0.125,0,0.0,Недостаточно данных
country,Казахстан,Волна 2 · апрель,8,10,8,0.8,3,0.3,4,2,0.5,1,0.1,Недостаточно данных
country,Дания,Волна 2 · апрель,9,9,3,0.3333333333333333,2,0.2222222222222222,7,1,0.14285714285714285,1,0.1111111111111111,Недостаточно данных
country,Бразилия,Волна 2 · апрель,6,8,1,0.125,1,0.125,6,0,0.0,0,0.0,Недостаточно данных
country,Иордания,Волна 2 · апрель,5,8,0,0.0,0,0.0,8,0,0.0,0,0.0,Недостаточно данных
country,Швеция,Волна 2 · апрель,7,8,3,0.375,3,0.375,3,0,0.0,0,0.0,Недостаточно данных
country,Китай,Волна 2 · апрель,6,7,2,0.2857142857142857,2,0.2857142857142857,1,0,0.0,0,0.0,Недостаточно данных
country,Малайзия,Волна 2 · апрель,3,7,0,0.0,0,0.0,7,0,0.0,0,0.0,Недостаточно данных
country,Австрия,Волна 2 · апрель,5,5,1,0.2,1,0.2,4,0,0.0,0,0.0,Недостаточно данных
country,Кувейт,Волна 2 · апрель,4,5,1,0.2,1,0.2,5,1,0.2,0,0.0,Недостаточно данных
country,Азербайджан,Волна 2 · апрель,4,4,1,0.25,1,0.25,3,0,0.0,0,0.0,Недостаточно данных
country,Вьетнам,Волна 2 · апрель,3,4,0,0.0,0,0.0,4,0,0.0,0,0.0,Недостаточно данных
country,Румыния,Волна 2 · апрель,3,4,1,0.25,0,0.0,3,0,0.0,0,0.0,Недостаточно данных
country,Япония,Волна 2 · апрель,4,4,0,0.0,0,0.0,4,0,0.0,0,0.0,Недостаточно данных
country,Израиль,Волна 2 · апрель,3,3,3,1.0,3,1.0,2,2,1.0,1,0.3333333333333333,Недостаточно данных
country,Йемен,Волна 2 · апрель,2,3,0,0.0,0,0.0,3,0,0.0,0,0.0,Недостаточно данных
country,Камбоджа,Волна 2 · апрель,3,3,0,0.0,0,0.0,3,0,0.0,0,0.0,Недостаточно данных
country,Хорватия,Волна 2 · апрель,1,3,3,1.0,3,1.0,0,0,,0,0.0,Недостаточно данных
country,Австралия,Волна 2 · апрель,2,2,0,0.0,0,0.0,2,0,0.0,0,0.0,Недостаточно данных
country,Греция,Волна 2 · апрель,2,2,0,0.0,0,0.0,1,0,0.0,0,0.0,Недостаточно данных
country,Грузия,Волна 2 · апрель,1,2,1,0.5,1,0.5,0,0,,0,0.0,Недостаточно данных
country,Ирак,Волна 2 · апрель,2,2,2,1.0,2,1.0,0,0,,0,0.0,Недостаточно данных
country,Коморы,Волна 2 · апрель,2,2,0,0.0,0,0.0,2,0,0.0,0,0.0,Недостаточно данных
country,Ливан,Волна 2 · апрель,2,2,0,0.0,0,0.0,2,0,0.0,0,0.0,Недостаточно данных
country,Норвегия,Волна 2 · апрель,2,2,0,0.0,0,0.0,2,0,0.0,0,0.0,Недостаточно данных
country,Сербия,Волна 2 · апрель,2,2,1,0.5,1,0.5,0,0,,0,0.0,Недостаточно данных
country,Узбекистан,Волна 2 · апрель,2,2,1,0.5,1,0.5,2,1,0.5,0,0.0,Недостаточно данных
country,Алжир,Волна 2 · апрель,1,1,1,1.0,1,1.0,0,0,,0,0.0,Недостаточно данных
country,Бельгия,Волна 2 · апрель,1,1,0,0.0,0,0.0,1,0,0.0,0,0.0,Недостаточно данных
country,Болгария,Волна 2 · апрель,1,1,0,0.0,0,0.0,1,0,0.0,0,0.0,Недостаточно данных
country,Гана,Волна 2 · апрель,1,1,0,0.0,0,0.0,1,0,0.0,0,0.0,Недостаточно данных
country,Демократическая Республика Конго,Волна 2 · апрель,1,1,0,0.0,0,0.0,1,0,0.0,0,0.0,Недостаточно данных
country,Иран,Волна 2 · апрель,1,1,0,0.0,0,0.0,0,0,,0,0.0,Недостаточно данных
country,Кения,Волна 2 · апрель,1,1,0,0.0,0,0.0,1,0,0.0,0,0.0,Недостаточно данных
country,Киргизия,Волна 2 · апрель,1,1,0,0.0,0,0.0,1,0,0.0,0,0.0,Недостаточно данных
country,Мавритания,Волна 2 · апрель,1,1,0,0.0,0,0.0,1,0,0.0,0,0.0,Недостаточно данных
country,Мозамбик,Волна 2 · апрель,1,1,0,0.0,0,0.0,1,0,0.0,0,0.0,Недостаточно данных
country,Палестинские территории,Волна 2 · апрель,1,1,1,1.0,1,1.0,1,1,1.0,0,0.0,Недостаточно данных
country,Португалия,Волна 2 · апрель,1,1,0,0.0,0,0.0,1,0,0.0,0,0.0,Недостаточно данных
country,Словакия,Волна 2 · апрель,1,1,1,1.0,1,1.0,0,0,,0,0.0,Недостаточно данных
country,Словения,Волна 2 · апрель,1,1,0,0.0,0,0.0,0,0,,0,0.0,Недостаточно данных
country,Сомали,Волна 2 · апрель,1,1,0,0.0,0,0.0,1,0,0.0,0,0.0,Недостаточно данных
country,Тайвань,Волна 2 · апрель,1,1,0,0.0,0,0.0,1,0,0.0,0,0.0,Недостаточно данных
country,Танзания,Волна 2 · апрель,1,1,0,0.0,0,0.0,1,0,0.0,0,0.0,Недостаточно данных
country,Тунис,Волна 2 · апрель,1,1,0,0.0,0,0.0,1,0,0.0,0,0.0,Недостаточно данных
country,ОАЭ,Все периоды,37927,47980,4031,0.08401417257190497,3590,0.074822842851188,45998,1962,0.04265402843601896,400,0.008336807002917883,Можно сравнивать
country,Индия,Все периоды,1560,2047,201,0.09819247679531021,175,0.08549096238397655,1958,107,0.054647599591419814,21,0.010258915486077186,Слабый сигнал
country,Россия,Все периоды,1225,1636,897,0.5482885085574573,671,0.41014669926650366,236,49,0.2076271186440678,20,0.012224938875305624,Слабый сигнал
country,Соединенные Штаты,Все периоды,870,999,136,0.13613613613613615,117,0.11711711711711711,757,30,0.03963011889035667,9,0.009009009009009009,Недостаточно данных
country,Франция,Все периоды,557,661,62,0.09379727685325265,54,0.08169440242057488,612,20,0.032679738562091505,8,0.012102874432677761,Недостаточно данных
country,Германия,Все периоды,482,544,70,0.12867647058823528,53,0.0974264705882353,469,18,0.03837953091684435,10,0.01838235294117647,Недостаточно данных
country,Пакистан,Все периоды,375,519,40,0.07707129094412331,32,0.06165703275529865,497,16,0.03219315895372234,4,0.007707129094412331,Недостаточно данных
country,Нидерланды,Все периоды,424,493,107,0.21703853955375255,85,0.1724137931034483,313,14,0.04472843450479233,6,0.012170385395537525,Недостаточно данных
country,Сингапур,Все периоды,392,443,34,0.07674943566591422,30,0.06772009029345373,429,19,0.04428904428904429,5,0.011286681715575621,Недостаточно данных
country,Непал,Все периоды,333,400,26,0.065,24,0.06,386,12,0.031088082901554404,3,0.0075,Недостаточно данных
country,Бангладеш,Все периоды,204,281,23,0.08185053380782918,17,0.060498220640569395,275,12,0.04363636363636364,3,0.010676156583629894,Недостаточно данных
country,Великобритания,Все периоды,200,225,37,0.16444444444444445,32,0.14222222222222222,188,8,0.0425531914893617,3,0.013333333333333334,Недостаточно данных
country,Черногория,Все периоды,21,130,69,0.5307692307692308,31,0.23846153846153847,21,3,0.14285714285714285,6,0.046153846153846156,Недостаточно данных
country,Египет,Все периоды,102,121,13,0.10743801652892562,10,0.08264462809917356,108,4,0.037037037037037035,0,0.0,Недостаточно данных
country,Таиланд,Все периоды,61,114,56,0.49122807017543857,30,0.2631578947368421,22,9,0.4090909090909091,0,0.0,Недостаточно данных
country,Беларусь,Все периоды,51,79,38,0.4810126582278481,29,0.3670886075949367,17,3,0.17647058823529413,5,0.06329113924050633,Недостаточно данных
country,Польша,Все периоды,57,78,33,0.4230769230769231,28,0.358974358974359,51,17,0.3333333333333333,0,0.0,Недостаточно данных
country,Филиппины,Все периоды,54,72,4,0.05555555555555555,4,0.05555555555555555,69,3,0.043478260869565216,0,0.0,Недостаточно данных
country,Неизвестно,Все периоды,58,69,28,0.4057971014492754,25,0.36231884057971014,36,4,0.1111111111111111,0,0.0,Недостаточно данных
country,Финляндия,Все периоды,59,62,15,0.24193548387096775,11,0.1774193548387097,41,3,0.07317073170731707,0,0.0,Недостаточно данных
country,Ирландия,Все периоды,56,59,5,0.0847457627118644,4,0.06779661016949153,49,0,0.0,0,0.0,Недостаточно данных
country,Канада,Все периоды,47,56,10,0.17857142857142858,10,0.17857142857142858,36,2,0.05555555555555555,0,0.0,Недостаточно данных
country,Саудовская Аравия,Все периоды,46,55,5,0.09090909090909091,5,0.09090909090909091,55,5,0.09090909090909091,0,0.0,Недостаточно данных
country,Литва,Все периоды,47,52,14,0.2692307692307692,13,0.25,37,1,0.02702702702702703,0,0.0,Недостаточно данных
country,Эфиопия,Все периоды,45,52,5,0.09615384615384616,4,0.07692307692307693,51,3,0.058823529411764705,1,0.019230769230769232,Недостаточно данных
country,Оман,Все периоды,40,51,5,0.09803921568627451,3,0.058823529411764705,49,2,0.04081632653061224,2,0.0392156862745098,Недостаточно данных
country,Италия,Все периоды,37,47,15,0.3191489361702128,15,0.3191489361702128,33,6,0.18181818181818182,0,0.0,Недостаточно данных
country,Индонезия,Все периоды,34,45,17,0.37777777777777777,16,0.35555555555555557,30,3,0.1,0,0.0,Недостаточно данных
country,Кипр,Все периоды,42,44,9,0.20454545454545456,7,0.1590909090909091,36,1,0.027777777777777776,0,0.0,Недостаточно данных
country,Испания,Все периоды,33,35,4,0.11428571428571428,4,0.11428571428571428,27,0,0.0,0,0.0,Недостаточно данных
country,Турция,Все периоды,32,34,13,0.38235294117647056,13,0.38235294117647056,25,4,0.16,0,0.0,Недостаточно данных
country,Шри-Ланка,Все периоды,31,31,3,0.0967741935483871,3,0.0967741935483871,29,1,0.034482758620689655,0,0.0,Недостаточно данных
country,Молдова,Все периоды,23,26,4,0.15384615384615385,3,0.11538461538461539,22,1,0.045454545454545456,0,0.0,Недостаточно данных
country,Швеция,Все периоды,23,25,8,0.32,8,0.32,11,1,0.09090909090909091,0,0.0,Недостаточно данных
country,Швейцария,Все периоды,21,23,7,0.30434782608695654,6,0.2608695652173913,12,2,0.16666666666666666,2,0.08695652173913043,Недостаточно данных
country,Австрия,Все периоды,20,22,8,0.36363636363636365,8,0.36363636363636365,11,1,0.09090909090909091,0,0.0,Недостаточно данных
country,Чехия,Все периоды,20,22,10,0.45454545454545453,9,0.4090909090909091,12,3,0.25,0,0.0,Недостаточно данных
country,Армения,Все периоды,16,20,9,0.45,7,0.35,2,1,0.5,0,0.0,Недостаточно данных
country,Катар,Все периоды,17,19,4,0.21052631578947367,4,0.21052631578947367,17,2,0.11764705882352941,0,0.0,Недостаточно данных
country,Израиль,Все периоды,12,18,8,0.4444444444444444,8,0.4444444444444444,15,5,0.3333333333333333,1,0.05555555555555555,Недостаточно данных
country,Норвегия,Все периоды,14,18,10,0.5555555555555556,6,0.3333333333333333,8,1,0.125,1,0.05555555555555555,Недостаточно данных
country,Казахстан,Все периоды,14,17,13,0.7647058823529411,6,0.35294117647058826,5,2,0.4,1,0.058823529411764705,Недостаточно данных
country,Сербия,Все периоды,12,17,12,0.7058823529411765,12,0.7058823529411765,5,1,0.2,0,0.0,Недостаточно данных
country,Бразилия,Все периоды,10,16,6,0.375,6,0.375,8,0,0.0,0,0.0,Недостаточно данных
country,Вьетнам,Все периоды,13,16,4,0.25,3,0.1875,7,0,0.0,0,0.0,Недостаточно данных
country,Иордания,Все периоды,13,16,3,0.1875,3,0.1875,14,1,0.07142857142857142,0,0.0,Недостаточно данных
country,Дания,Все периоды,13,13,7,0.5384615384615384,6,0.46153846153846156,8,2,0.25,1,0.07692307692307693,Недостаточно данных
country,Камбоджа,Все периоды,12,12,3,0.25,2,0.16666666666666666,9,0,0.0,1,0.08333333333333333,Недостаточно данных
country,Австралия,Все периоды,8,9,3,0.3333333333333333,3,0.3333333333333333,5,1,0.2,0,0.0,Недостаточно данных
country,Болгария,Все периоды,8,9,5,0.5555555555555556,4,0.4444444444444444,3,0,0.0,0,0.0,Недостаточно данных
country,Кения,Все периоды,8,9,1,0.1111111111111111,1,0.1111111111111111,8,0,0.0,0,0.0,Недостаточно данных
country,Китай,Все периоды,8,9,3,0.3333333333333333,3,0.3333333333333333,2,0,0.0,0,0.0,Недостаточно данных
country,Ливан,Все периоды,8,9,1,0.1111111111111111,1,0.1111111111111111,8,1,0.125,0,0.0,Недостаточно данных
country,Малайзия,Все периоды,4,8,0,0.0,0,0.0,7,0,0.0,0,0.0,Недостаточно данных
country,Узбекистан,Все периоды,8,8,5,0.625,4,0.5,6,3,0.5,0,0.0,Недостаточно данных
country,Колумбия,Все периоды,2,7,0,0.0,0,0.0,7,0,0.0,0,0.0,Недостаточно данных
country,Кувейт,Все периоды,6,7,1,0.14285714285714285,1,0.14285714285714285,7,1,0.14285714285714285,0,0.0,Недостаточно данных
country,Азербайджан,Все периоды,6,6,3,0.5,3,0.5,4,1,0.25,0,0.0,Недостаточно данных
country,Бахрейн,Все периоды,6,6,0,0.0,0,0.0,6,0,0.0,0,0.0,Недостаточно данных
country,Япония,Все периоды,6,6,0,0.0,0,0.0,5,0,0.0,0,0.0,Недостаточно данных
country,Бельгия,Все периоды,5,5,3,0.6,1,0.2,2,0,0.0,0,0.0,Недостаточно данных
country,Ирак,Все периоды,5,5,4,0.8,4,0.8,3,2,0.6666666666666666,0,0.0,Недостаточно данных
country,Румыния,Все периоды,4,5,2,0.4,1,0.2,4,1,0.25,0,0.0,Недостаточно данных
country,Алжир,Все периоды,4,4,2,0.5,2,0.5,2,0,0.0,0,0.0,Недостаточно данных
country,Грузия,Все периоды,3,4,3,0.75,2,0.5,0,0,,0,0.0,Недостаточно данных
country,Йемен,Все периоды,3,4,0,0.0,0,0.0,4,0,0.0,0,0.0,Недостаточно данных
country,Республика Корея,Все периоды,4,4,2,0.5,2,0.5,2,0,0.0,0,0.0,Недостаточно данных
country,Словакия,Все периоды,3,4,2,0.5,2,0.5,1,1,1.0,0,0.0,Недостаточно данных
country,Афганистан,Все периоды,3,3,1,0.3333333333333333,0,0.0,2,0,0.0,0,0.0,Недостаточно данных
country,Греция,Все периоды,3,3,0,0.0,0,0.0,1,0,0.0,0,0.0,Недостаточно данных
country,Марокко,Все периоды,3,3,1,0.3333333333333333,1,0.3333333333333333,2,0,0.0,0,0.0,Недостаточно данных
country,Тунис,Все периоды,3,3,0,0.0,0,0.0,3,0,0.0,0,0.0,Недостаточно данных
country,Хорватия,Все периоды,1,3,3,1.0,3,1.0,0,0,,0,0.0,Недостаточно данных
country,Южно-Африканская Республика,Все периоды,3,3,1,0.3333333333333333,1,0.3333333333333333,2,0,0.0,0,0.0,Недостаточно данных
country,Албания,Все периоды,2,2,1,0.5,0,0.0,0,0,,0,0.0,Недостаточно данных
country,Аргентина,Все периоды,2,2,0,0.0,0,0.0,2,0,0.0,0,0.0,Недостаточно данных
country,Венгрия,Все периоды,2,2,0,0.0,0,0.0,1,0,0.0,0,0.0,Недостаточно данных
country,Камерун,Все периоды,2,2,0,0.0,0,0.0,2,0,0.0,0,0.0,Недостаточно данных
country,Киргизия,Все периоды,2,2,1,0.5,1,0.5,1,0,0.0,0,0.0,Недостаточно данных
country,Коморы,Все периоды,2,2,0,0.0,0,0.0,2,0,0.0,0,0.0,Недостаточно данных
country,Ливия,Все периоды,1,2,0,0.0,0,0.0,2,0,0.0,0,0.0,Недостаточно данных
country,Португалия,Все периоды,2,2,0,0.0,0,0.0,1,0,0.0,0,0.0,Недостаточно данных
country,Руанда,Все периоды,2,2,0,0.0,0,0.0,2,0,0.0,0,0.0,Недостаточно данных
country,Сомали,Все периоды,2,2,0,0.0,0,0.0,2,0,0.0,0,0.0,Недостаточно данных
country,Тайвань,Все периоды,2,2,0,0.0,0,0.0,1,0,0.0,0,0.0,Недостаточно данных
country,Бенин,Все периоды,1,1,0,0.0,0,0.0,1,0,0.0,0,0.0,Недостаточно данных
country,Босния и Герцеговина,Все периоды,1,1,0,0.0,0,0.0,1,0,0.0,0,0.0,Недостаточно данных
country,Венесуэла,Все периоды,1,1,0,0.0,0,0.0,1,0,0.0,0,0.0,Недостаточно данных
country,Гамбия,Все периоды,1,1,0,0.0,0,0.0,1,0,0.0,0,0.0,Недостаточно данных
country,Гана,Все периоды,1,1,0,0.0,0,0.0,1,0,0.0,0,0.0,Недостаточно данных
country,Демократическая Республика Конго,Все периоды,1,1,0,0.0,0,0.0,1,0,0.0,0,0.0,Недостаточно данных
country,Доминика,Все периоды,1,1,1,1.0,1,1.0,1,1,1.0,0,0.0,Недостаточно данных
country,Зимбабве,Все периоды,1,1,0,0.0,0,0.0,1,0,0.0,0,0.0,Недостаточно данных
country,Иран,Все периоды,1,1,0,0.0,0,0.0,0,0,,0,0.0,Недостаточно данных
country,Лихтенштейн,Все периоды,1,1,0,0.0,0,0.0,1,0,0.0,0,0.0,Недостаточно данных
country,Мавритания,Все периоды,1,1,0,0.0,0,0.0,1,0,0.0,0,0.0,Недостаточно данных
country,Мексика,Все периоды,1,1,0,0.0,0,0.0,1,0,0.0,0,0.0,Недостаточно данных
country,Мозамбик,Все периоды,1,1,0,0.0,0,0.0,1,0,0.0,0,0.0,Недостаточно данных
country,Нигерия,Все периоды,1,1,0,0.0,0,0.0,1,0,0.0,0,0.0,Недостаточно данных
country,Палестинские территории,Все периоды,1,1,1,1.0,1,1.0,1,1,1.0,0,0.0,Недостаточно данных
country,Словения,Все периоды,1,1,0,0.0,0,0.0,0,0,,0,0.0,Недостаточно данных
country,Сьерра-Леоне,Все периоды,1,1,0,0.0,0,0.0,1,0,0.0,0,0.0,Недостаточно данных
country,Таджикистан,Все периоды,1,1,0,0.0,0,0.0,1,0,0.0,0,0.0,Недостаточно данных
country,Танзания,Все периоды,1,1,0,0.0,0,0.0,1,0,0.0,0,0.0,Недостаточно данных
country,Уганда,Все периоды,1,1,0,0.0,0,0.0,0,0,,0,0.0,Недостаточно данных
country,Россия,Низкий объём · июнь–июль,233,326,196,0.6012269938650306,128,0.39263803680981596,24,4,0.16666666666666666,3,0.009202453987730062,Недостаточно данных
country,ОАЭ,Низкий объём · июнь–июль,136,167,125,0.7485029940119761,113,0.6766467065868264,41,13,0.3170731707317073,3,0.017964071856287425,Недостаточно данных
country,Таиланд,Низкий объём · июнь–июль,43,72,34,0.4722222222222222,10,0.1388888888888889,9,4,0.4444444444444444,0,0.0,Недостаточно данных
country,Соединенные Штаты,Низкий объём · июнь–июль,56,65,25,0.38461538461538464,18,0.27692307692307694,9,5,0.5555555555555556,5,0.07692307692307693,Недостаточно данных
country,Черногория,Низкий объём · июнь–июль,7,23,17,0.7391304347826086,5,0.21739130434782608,0,0,,0,0.0,Недостаточно данных
country,Нидерланды,Низкий объём · июнь–июль,19,22,9,0.4090909090909091,5,0.22727272727272727,2,0,0.0,0,0.0,Недостаточно данных
country,Беларусь,Низкий объём · июнь–июль,10,13,8,0.6153846153846154,5,0.38461538461538464,2,0,0.0,0,0.0,Недостаточно данных
country,Великобритания,Низкий объём · июнь–июль,7,9,6,0.6666666666666666,6,0.6666666666666666,4,2,0.5,1,0.1111111111111111,Недостаточно данных
country,Германия,Низкий объём · июнь–июль,8,8,5,0.625,3,0.375,1,1,1.0,0,0.0,Недостаточно данных
country,Израиль,Низкий объём · июнь–июль,2,7,2,0.2857142857142857,2,0.2857142857142857,6,1,0.16666666666666666,0,0.0,Недостаточно данных
country,Индия,Низкий объём · июнь–июль,5,7,1,0.14285714285714285,1,0.14285714285714285,4,0,0.0,0,0.0,Недостаточно данных
country,Бразилия,Низкий объём · июнь–июль,2,6,5,0.8333333333333334,5,0.8333333333333334,0,0,,0,0.0,Недостаточно данных
country,Литва,Низкий объём · июнь–июль,2,6,6,1.0,6,1.0,0,0,,0,0.0,Недостаточно данных
country,Франция,Низкий объём · июнь–июль,4,6,3,0.5,3,0.5,0,0,,0,0.0,Недостаточно данных
country,Чехия,Низкий объём · июнь–июль,6,6,5,0.8333333333333334,4,0.6666666666666666,1,1,1.0,0,0.0,Недостаточно данных
country,Ирландия,Низкий объём · июнь–июль,5,5,1,0.2,1,0.2,3,0,0.0,0,0.0,Недостаточно данных
country,Испания,Низкий объём · июнь–июль,4,5,3,0.6,3,0.6,1,0,0.0,0,0.0,Недостаточно данных
country,Италия,Низкий объём · июнь–июль,2,5,5,1.0,5,1.0,1,1,1.0,0,0.0,Недостаточно данных
country,Швейцария,Низкий объём · июнь–июль,3,5,2,0.4,2,0.4,0,0,,1,0.2,Недостаточно данных
country,Индонезия,Низкий объём · июнь–июль,2,4,4,1.0,4,1.0,0,0,,0,0.0,Недостаточно данных
country,Канада,Низкий объём · июнь–июль,4,4,0,0.0,0,0.0,0,0,,0,0.0,Недостаточно данных
country,Турция,Низкий объём · июнь–июль,4,4,3,0.75,3,0.75,2,1,0.5,0,0.0,Недостаточно данных
country,Австралия,Низкий объём · июнь–июль,2,3,1,0.3333333333333333,1,0.3333333333333333,0,0,,0,0.0,Недостаточно данных
country,Болгария,Низкий объём · июнь–июль,2,3,2,0.6666666666666666,1,0.3333333333333333,1,0,0.0,0,0.0,Недостаточно данных
country,Дания,Низкий объём · июнь–июль,3,3,3,1.0,3,1.0,1,1,1.0,0,0.0,Недостаточно данных
country,Польша,Низкий объём · июнь–июль,2,3,3,1.0,2,0.6666666666666666,3,2,0.6666666666666666,0,0.0,Недостаточно данных
country,Бангладеш,Низкий объём · июнь–июль,2,2,1,0.5,0,0.0,2,0,0.0,0,0.0,Недостаточно данных
country,Бельгия,Низкий объём · июнь–июль,2,2,1,0.5,0,0.0,0,0,,0,0.0,Недостаточно данных
country,Вьетнам,Низкий объём · июнь–июль,2,2,1,0.5,0,0.0,0,0,,0,0.0,Недостаточно данных
country,Молдова,Низкий объём · июнь–июль,2,2,1,0.5,0,0.0,1,0,0.0,0,0.0,Недостаточно данных
country,Сингапур,Низкий объём · июнь–июль,2,2,2,1.0,2,1.0,0,0,,0,0.0,Недостаточно данных
country,Узбекистан,Низкий объём · июнь–июль,2,2,1,0.5,0,0.0,1,0,0.0,0,0.0,Недостаточно данных
country,Албания,Низкий объём · июнь–июль,1,1,1,1.0,0,0.0,0,0,,0,0.0,Недостаточно данных
country,Венгрия,Низкий объём · июнь–июль,1,1,0,0.0,0,0.0,1,0,0.0,0,0.0,Недостаточно данных
country,Катар,Низкий объём · июнь–июль,1,1,1,1.0,1,1.0,1,1,1.0,0,0.0,Недостаточно данных
country,Китай,Низкий объём · июнь–июль,1,1,1,1.0,1,1.0,0,0,,0,0.0,Недостаточно данных
country,Неизвестно,Низкий объём · июнь–июль,1,1,0,0.0,0,0.0,0,0,,0,0.0,Недостаточно данных
country,Республика Корея,Низкий объём · июнь–июль,1,1,1,1.0,1,1.0,0,0,,0,0.0,Недостаточно данных
country,Сербия,Низкий объём · июнь–июль,1,1,0,0.0,0,0.0,1,0,0.0,0,0.0,Недостаточно данных
country,Финляндия,Низкий объём · июнь–июль,1,1,0,0.0,0,0.0,0,0,,0,0.0,Недостаточно данных
country,Швеция,Низкий объём · июнь–июль,1,1,0,0.0,0,0.0,0,0,,0,0.0,Недостаточно данных
country,Россия,Органика · март,435,562,293,0.5213523131672598,223,0.39679715302491103,69,15,0.21739130434782608,2,0.0035587188612099642,Недостаточно данных
country,ОАЭ,Органика · март,157,171,74,0.4327485380116959,68,0.39766081871345027,133,41,0.3082706766917293,1,0.005847953216374269,Недостаточно данных
country,Соединенные Штаты,Органика · март,44,59,31,0.5254237288135594,31,0.5254237288135594,14,5,0.35714285714285715,1,0.01694915254237288,Недостаточно данных
country,Нидерланды,Органика · март,48,56,28,0.5,22,0.39285714285714285,7,1,0.14285714285714285,1,0.017857142857142856,Недостаточно данных
country,Польша,Органика · март,20,38,17,0.4473684210526316,17,0.4473684210526316,23,11,0.4782608695652174,0,0.0,Недостаточно данных
country,Германия,Органика · март,30,35,18,0.5142857142857142,14,0.4,5,1,0.2,0,0.0,Недостаточно данных
country,Черногория,Органика · март,5,19,10,0.5263157894736842,7,0.3684210526315789,2,0,0.0,0,0.0,Недостаточно данных
country,Неизвестно,Органика · март,12,18,15,0.8333333333333334,15,0.8333333333333334,3,2,0.6666666666666666,0,0.0,Недостаточно данных
country,Индонезия,Органика · март,10,15,8,0.5333333333333333,8,0.5333333333333333,7,1,0.14285714285714285,0,0.0,Недостаточно данных
country,Франция,Органика · март,5,12,5,0.4166666666666667,3,0.25,9,1,0.1111111111111111,0,0.0,Недостаточно данных
country,Беларусь,Органика · март,7,11,7,0.6363636363636364,7,0.6363636363636364,3,2,0.6666666666666666,0,0.0,Недостаточно данных
country,Норвегия,Органика · март,6,9,7,0.7777777777777778,4,0.4444444444444444,2,1,0.5,1,0.1111111111111111,Недостаточно данных
country,Австрия,Органика · март,8,8,3,0.375,3,0.375,1,0,0.0,0,0.0,Недостаточно данных
country,Великобритания,Органика · март,7,8,5,0.625,5,0.625,1,1,1.0,0,0.0,Недостаточно данных
country,Египет,Органика · март,7,8,5,0.625,3,0.375,1,1,1.0,0,0.0,Недостаточно данных
country,Италия,Органика · март,7,8,4,0.5,4,0.5,2,1,0.5,0,0.0,Недостаточно данных
country,Финляндия,Органика · март,7,8,3,0.375,2,0.25,1,0,0.0,0,0.0,Недостаточно данных
country,Литва,Органика · март,5,6,4,0.6666666666666666,4,0.6666666666666666,0,0,,0,0.0,Недостаточно данных
country,Армения,Органика · март,5,5,4,0.8,4,0.8,2,1,0.5,0,0.0,Недостаточно данных
country,Вьетнам,Органика · март,5,5,2,0.4,2,0.4,2,0,0.0,0,0.0,Недостаточно данных
country,Индия,Органика · март,4,5,3,0.6,3,0.6,4,2,0.5,0,0.0,Недостаточно данных
country,Канада,Органика · март,3,5,1,0.2,1,0.2,1,0,0.0,0,0.0,Недостаточно данных
country,Кипр,Органика · март,5,5,5,1.0,3,0.6,0,0,,0,0.0,Недостаточно данных
country,Сербия,Органика · март,2,5,5,1.0,5,1.0,1,1,1.0,0,0.0,Недостаточно данных
country,Турция,Органика · март,5,5,3,0.6,3,0.6,3,1,0.3333333333333333,0,0.0,Недостаточно данных
country,Швеция,Органика · март,5,5,3,0.6,3,0.6,1,0,0.0,0,0.0,Недостаточно данных
country,Ирландия,Органика · март,4,4,0,0.0,0,0.0,2,0,0.0,0,0.0,Недостаточно данных
country,Таиланд,Органика · март,2,4,1,0.25,0,0.0,1,0,0.0,0,0.0,Недостаточно данных
country,Чехия,Органика · март,3,4,3,0.75,3,0.75,1,1,1.0,0,0.0,Недостаточно данных
country,Казахстан,Органика · март,3,3,2,0.6666666666666666,1,0.3333333333333333,0,0,,0,0.0,Недостаточно данных
country,Сингапур,Органика · март,3,3,1,0.3333333333333333,0,0.0,1,0,0.0,0,0.0,Недостаточно данных
country,Грузия,Органика · март,2,2,2,1.0,1,0.5,0,0,,0,0.0,Недостаточно данных
country,Израиль,Органика · март,2,2,2,1.0,2,1.0,2,2,1.0,0,0.0,Недостаточно данных
country,Словакия,Органика · март,1,2,0,0.0,0,0.0,0,0,,0,0.0,Недостаточно данных
country,Узбекистан,Органика · март,2,2,2,1.0,2,1.0,2,2,1.0,0,0.0,Недостаточно данных
country,Швейцария,Органика · март,2,2,0,0.0,0,0.0,0,0,,0,0.0,Недостаточно данных
country,Австралия,Органика · март,1,1,1,1.0,1,1.0,1,1,1.0,0,0.0,Недостаточно данных
country,Албания,Органика · март,1,1,0,0.0,0,0.0,0,0,,0,0.0,Недостаточно данных
country,Аргентина,Органика · март,1,1,0,0.0,0,0.0,1,0,0.0,0,0.0,Недостаточно данных
country,Бельгия,Органика · март,1,1,1,1.0,0,0.0,1,0,0.0,0,0.0,Недостаточно данных
country,Болгария,Органика · март,1,1,0,0.0,0,0.0,0,0,,0,0.0,Недостаточно данных
country,Венгрия,Органика · март,1,1,0,0.0,0,0.0,0,0,,0,0.0,Недостаточно данных
country,Греция,Органика · март,1,1,0,0.0,0,0.0,0,0,,0,0.0,Недостаточно данных
country,Дания,Органика · март,1,1,1,1.0,1,1.0,0,0,,0,0.0,Недостаточно данных
country,Испания,Органика · март,1,1,0,0.0,0,0.0,0,0,,0,0.0,Недостаточно данных
country,Катар,Органика · март,1,1,1,1.0,1,1.0,0,0,,0,0.0,Недостаточно данных
country,Ливан,Органика · март,1,1,0,0.0,0,0.0,0,0,,0,0.0,Недостаточно данных
country,Молдова,Органика · март,1,1,1,1.0,1,1.0,0,0,,0,0.0,Недостаточно данных
country,Республика Корея,Органика · март,1,1,1,1.0,1,1.0,0,0,,0,0.0,Недостаточно данных
country,Япония,Органика · март,1,1,0,0.0,0,0.0,0,0,,0,0.0,Недостаточно данных
country,ОАЭ,Разрыв данных · апрель–июнь,8,19,2,0.10526315789473684,2,0.10526315789473684,13,0,0.0,0,0.0,Недостаточно данных
country,Индия,Разрыв данных · апрель–июнь,1,4,0,0.0,0,0.0,4,0,0.0,0,0.0,Недостаточно данных
country,Нидерланды,Разрыв данных · апрель–июнь,1,1,1,1.0,1,1.0,0,0,,0,0.0,Недостаточно данных
country,Россия,Разрыв данных · апрель–июнь,1,1,0,0.0,0,0.0,1,0,0.0,0,0.0,Недостаточно данных
country,Соединенные Штаты,Разрыв данных · апрель–июнь,1,1,0,0.0,0,0.0,0,0,,0,0.0,Недостаточно данных
device,Мобильный,Волна 1 · январь–февраль,19161,21986,2184,0.09933594105339762,1894,0.08614572910033658,20548,840,0.040879890986957365,240,0.010916037478395342,Можно сравнивать
device,Компьютер,Волна 1 · январь–февраль,185,295,124,0.42033898305084744,79,0.2677966101694915,64,10,0.15625,19,0.06440677966101695,Недостаточно данных
device,Планшет,Волна 1 · январь–февраль,114,124,8,0.06451612903225806,8,0.06451612903225806,117,1,0.008547008547008548,0,0.0,Недостаточно данных
device,Мобильный,Волна 2 · апрель,24511,33378,2724,0.08161064174006831,2425,0.07265264545509018,31959,1389,0.043461935604993895,233,0.00698064593444784,Можно сравнивать
device,Компьютер,Волна 2 · апрель,151,195,80,0.41025641025641024,52,0.26666666666666666,42,4,0.09523809523809523,2,0.010256410256410256,Недостаточно данных
device,Планшет,Волна 2 · апрель,53,57,1,0.017543859649122806,1,0.017543859649122806,56,1,0.017857142857142856,0,0.0,Недостаточно данных
device,Мобильный,Все периоды,44658,57049,5848,0.10250836999772125,5061,0.0887132114498063,52914,2356,0.044525078429149184,491,0.008606636400287472,Можно сравнивать
device,Компьютер,Все периоды,507,760,328,0.43157894736842106,209,0.275,142,17,0.11971830985915492,22,0.02894736842105263,Слабый сигнал
device,Планшет,Все периоды,176,193,15,0.07772020725388601,14,0.07253886010362694,179,4,0.0223463687150838,0,0.0,Недостаточно данных
device,Мобильный,Низкий объём · июнь–июль,476,675,429,0.6355555555555555,312,0.4622222222222222,113,34,0.3008849557522124,12,0.017777777777777778,Недостаточно данных
device,Компьютер,Низкий объём · июнь–июль,100,129,53,0.4108527131782946,29,0.2248062015503876,7,1,0.14285714285714285,1,0.007751937984496124,Недостаточно данных
device,Планшет,Низкий объём · июнь–июль,3,4,3,0.75,3,0.75,2,2,1.0,0,0.0,Недостаточно данных
device,Мобильный,Органика · март,767,984,508,0.516260162601626,427,0.4339430894308943,276,93,0.33695652173913043,6,0.006097560975609756,Недостаточно данных
device,Компьютер,Органика · март,97,141,71,0.5035460992907801,49,0.3475177304964539,29,2,0.06896551724137931,0,0.0,Недостаточно данных
device,Планшет,Органика · март,6,8,3,0.375,2,0.25,4,0,0.0,0,0.0,Недостаточно данных
device,Мобильный,Разрыв данных · апрель–июнь,11,26,3,0.11538461538461539,3,0.11538461538461539,18,0,0.0,0,0.0,Недостаточно данных
landing_type,catalog,Волна 1 · январь–февраль,18222,20729,990,0.047759177963239904,856,0.041294804380336725,20729,851,0.04105359641082541,107,0.005161850547542091,Можно сравнивать
landing_type,product,Волна 1 · январь–февраль,907,975,974,0.9989743589743589,974,0.9989743589743589,0,0,,12,0.012307692307692308,Недостаточно данных
landing_type,home,Волна 1 · январь–февраль,442,548,217,0.395985401459854,139,0.25364963503649635,0,0,,13,0.023722627737226276,Недостаточно данных
landing_type,cart,Волна 1 · январь–февраль,116,117,117,1.0,5,0.042735042735042736,0,0,,117,1.0,Можно сравнивать
landing_type,service,Волна 1 · январь–февраль,20,21,6,0.2857142857142857,4,0.19047619047619047,0,0,,1,0.047619047619047616,Недостаточно данных
landing_type,other,Волна 1 · январь–февраль,8,8,5,0.625,3,0.375,0,0,,2,0.25,Недостаточно данных
landing_type,one_click,Волна 1 · январь–февраль,7,7,7,1.0,0,0.0,0,0,,7,1.0,Недостаточно данных
landing_type,catalog,Волна 2 · апрель,23718,32057,1541,0.048070624200642606,1394,0.043485042268459305,32057,1394,0.043485042268459305,119,0.003712137754624575,Можно сравнивать
landing_type,product,Волна 2 · апрель,866,921,912,0.990228013029316,912,0.990228013029316,0,0,,4,0.004343105320304018,Недостаточно данных
landing_type,home,Волна 2 · апрель,449,519,239,0.4605009633911368,169,0.325626204238921,0,0,,1,0.0019267822736030828,Недостаточно данных
landing_type,cart,Волна 2 · апрель,101,103,103,1.0,2,0.019417475728155338,0,0,,103,1.0,Можно сравнивать
landing_type,other,Волна 2 · апрель,8,11,0,0.0,0,0.0,0,0,,0,0.0,Недостаточно данных
landing_type,service,Волна 2 · апрель,6,10,2,0.2,1,0.1,0,0,,0,0.0,Недостаточно данных
landing_type,one_click,Волна 2 · апрель,8,8,8,1.0,0,0.0,0,0,,8,1.0,Недостаточно данных
landing_type,thank_you,Волна 2 · апрель,1,1,0,0.0,0,0.0,0,0,,0,0.0,Недостаточно данных
landing_type,catalog,Все периоды,42066,53235,2685,0.050436742744435055,2382,0.04474499859115244,53235,2377,0.04465107542030619,230,0.004320465858927397,Можно сравнивать
landing_type,product,Все периоды,2010,2224,2214,0.9955035971223022,2214,0.9955035971223022,0,0,,16,0.007194244604316547,Недостаточно данных
landing_type,home,Все периоды,1794,2209,1030,0.46627433227704845,670,0.3033046627433228,0,0,,20,0.009053870529651425,Слабый сигнал
landing_type,cart,Все периоды,221,227,227,1.0,8,0.03524229074889868,0,0,,227,1.0,Можно сравнивать
landing_type,service,Все периоды,48,61,13,0.21311475409836064,7,0.11475409836065574,0,0,,2,0.03278688524590164,Недостаточно данных
landing_type,other,Все периоды,24,28,6,0.21428571428571427,3,0.10714285714285714,0,0,,2,0.07142857142857142,Недостаточно данных
landing_type,one_click,Все периоды,16,16,16,1.0,0,0.0,0,0,,16,1.0,Недостаточно данных
landing_type,thank_you,Все периоды,2,2,0,0.0,0,0.0,0,0,,0,0.0,Недостаточно данных
landing_type,home,Низкий объём · июнь–июль,377,475,251,0.5284210526315789,129,0.27157894736842103,0,0,,2,0.004210526315789474,Недостаточно данных
landing_type,product,Низкий объём · июнь–июль,132,176,176,1.0,176,1.0,0,0,,0,0.0,Недостаточно данных
landing_type,catalog,Низкий объём · июнь–июль,100,122,46,0.3770491803278688,37,0.30327868852459017,122,37,0.30327868852459017,2,0.01639344262295082,Недостаточно данных
landing_type,service,Низкий объём · июнь–июль,12,18,4,0.2222222222222222,1,0.05555555555555555,0,0,,1,0.05555555555555555,Недостаточно данных
landing_type,other,Низкий объём · июнь–июль,7,8,0,0.0,0,0.0,0,0,,0,0.0,Недостаточно данных
landing_type,cart,Низкий объём · июнь–июль,4,7,7,1.0,1,0.14285714285714285,0,0,,7,1.0,Недостаточно данных
landing_type,one_click,Низкий объём · июнь–июль,1,1,1,1.0,0,0.0,0,0,,1,1.0,Недостаточно данных
landing_type,thank_you,Низкий объём · июнь–июль,1,1,0,0.0,0,0.0,0,0,,0,0.0,Недостаточно данных
landing_type,home,Органика · март,554,662,323,0.4879154078549849,233,0.35196374622356497,0,0,,4,0.006042296072507553,Недостаточно данных
landing_type,catalog,Органика · март,265,309,108,0.34951456310679613,95,0.3074433656957929,309,95,0.3074433656957929,2,0.006472491909385114,Недостаточно данных
landing_type,product,Органика · март,118,149,149,1.0,149,1.0,0,0,,0,0.0,Недостаточно данных
landing_type,service,Органика · март,10,12,1,0.08333333333333333,1,0.08333333333333333,0,0,,0,0.0,Недостаточно данных
landing_type,other,Органика · март,1,1,1,1.0,0,0.0,0,0,,0,0.0,Недостаточно данных
landing_type,catalog,Разрыв данных · апрель–июнь,8,18,0,0.0,0,0.0,18,0,0.0,0,0.0,Недостаточно данных
landing_type,home,Разрыв данных · апрель–июнь,1,5,0,0.0,0,0.0,0,0,,0,0.0,Недостаточно данных
landing_type,product,Разрыв данных · апрель–июнь,2,3,3,1.0,3,1.0,0,0,,0,0.0,Недостаточно данных
source_group,Meta · соцсети,Волна 1 · январь–февраль,18065,20624,1144,0.05546935608999224,1022,0.04955391776570985,20344,757,0.03720998820290995,111,0.005382079131109387,Можно сравнивать
source_group,Внутренние переходы,Волна 1 · январь–февраль,716,774,728,0.9405684754521964,611,0.789405684754522,35,7,0.2,126,0.16279069767441862,Можно сравнивать
source_group,Прямые заходы,Волна 1 · январь–февраль,503,614,232,0.3778501628664495,189,0.30781758957654726,298,73,0.24496644295302014,16,0.026058631921824105,Недостаточно данных
source_group,Органический поиск,Волна 1 · январь–февраль,226,267,156,0.5842696629213483,112,0.41947565543071164,14,6,0.42857142857142855,3,0.011235955056179775,Недостаточно данных
source_group,Социальные сети,Волна 1 · январь–февраль,41,43,25,0.5813953488372093,23,0.5348837209302325,11,2,0.18181818181818182,3,0.06976744186046512,Недостаточно данных
source_group,Реферальный трафик,Волна 1 · январь–февраль,31,36,20,0.5555555555555556,15,0.4166666666666667,1,0,0.0,0,0.0,Недостаточно данных
source_group,Партнёр / реферал,Волна 1 · январь–февраль,25,25,8,0.32,6,0.24,25,6,0.24,0,0.0,Недостаточно данных
source_group,Не определено,Волна 1 · январь–февраль,1,18,0,0.0,0,0.0,0,0,,0,0.0,Недостаточно данных
source_group,Meta · платный,Волна 1 · январь–февраль,4,4,3,0.75,3,0.75,1,0,0.0,0,0.0,Недостаточно данных
source_group,Meta · платный,Волна 2 · апрель,23453,31994,1651,0.05160342564230793,1492,0.046633743826967555,31764,1298,0.040863871048986276,139,0.004344564605863599,Можно сравнивать
source_group,Внутренние переходы,Волна 2 · апрель,660,679,668,0.9837997054491899,581,0.8556701030927835,10,5,0.5,88,0.12960235640648013,Направленный сигнал
source_group,Органический поиск,Волна 2 · апрель,304,365,219,0.6,166,0.4547945205479452,9,4,0.4444444444444444,1,0.0027397260273972603,Недостаточно данных
source_group,Прямые заходы,Волна 2 · апрель,293,341,164,0.4809384164222874,142,0.41642228739002934,88,26,0.29545454545454547,4,0.011730205278592375,Недостаточно данных
source_group,Meta · соцсети,Волна 2 · апрель,194,211,88,0.41706161137440756,84,0.3981042654028436,184,61,0.33152173913043476,3,0.014218009478672985,Недостаточно данных
source_group,Социальные сети,Волна 2 · апрель,19,19,11,0.5789473684210527,11,0.5789473684210527,2,0,0.0,0,0.0,Недостаточно данных
source_group,Не определено,Волна 2 · апрель,1,13,0,0.0,0,0.0,0,0,,0,0.0,Недостаточно данных
source_group,Реферальный трафик,Волна 2 · апрель,8,8,4,0.5,2,0.25,0,0,,0,0.0,Недостаточно данных
source_group,Meta · платный,Все периоды,23468,32028,1660,0.05182964905707506,1498,0.046771574871987014,31793,1299,0.040858050514264145,139,0.004339952541526164,Можно сравнивать
source_group,Meta · соцсети,Все периоды,18460,21094,1395,0.0661325495401536,1258,0.05963781170000948,20678,866,0.04188025921268981,115,0.005451787238077178,Можно сравнивать
source_group,Внутренние переходы,Все периоды,1473,1608,1514,0.9415422885572139,1304,0.8109452736318408,88,22,0.25,214,0.13308457711442787,Можно сравнивать
source_group,Прямые заходы,Все периоды,1232,1506,627,0.4163346613545817,505,0.3353253652058433,548,152,0.2773722627737226,26,0.017264276228419653,Слабый сигнал
source_group,Органический поиск,Все периоды,1206,1468,891,0.6069482288828338,637,0.43392370572207084,81,30,0.37037037037037035,15,0.010217983651226158,Недостаточно данных
source_group,Не определено,Все периоды,1,100,0,0.0,0,0.0,0,0,,0,0.0,Недостаточно данных
source_group,Социальные сети,Все периоды,93,97,51,0.5257731958762887,47,0.4845360824742268,20,2,0.1,4,0.041237113402061855,Недостаточно данных
source_group,Реферальный трафик,Все периоды,45,70,39,0.5571428571428572,23,0.32857142857142857,2,0,0.0,0,0.0,Недостаточно данных
source_group,Партнёр / реферал,Все периоды,26,26,9,0.34615384615384615,7,0.2692307692307692,25,6,0.24,0,0.0,Недостаточно данных
source_group,Google · платный,Все периоды,4,4,4,1.0,4,1.0,0,0,,0,0.0,Недостаточно данных
source_group,Email,Все периоды,1,1,1,1.0,1,1.0,0,0,,0,0.0,Недостаточно данных
source_group,Органический поиск,Низкий объём · июнь–июль,250,323,226,0.6996904024767802,145,0.44891640866873067,26,7,0.2692307692307692,8,0.02476780185758514,Недостаточно данных
source_group,Прямые заходы,Низкий объём · июнь–июль,143,175,63,0.36,23,0.13142857142857142,8,2,0.25,3,0.017142857142857144,Недостаточно данных
source_group,Meta · соцсети,Низкий объём · июнь–июль,142,163,125,0.7668711656441718,119,0.7300613496932515,65,24,0.36923076923076925,1,0.006134969325153374,Недостаточно данных
source_group,Внутренние переходы,Низкий объём · июнь–июль,39,65,46,0.7076923076923077,42,0.6461538461538462,20,4,0.2,0,0.0,Недостаточно данных
source_group,Не определено,Низкий объём · июнь–июль,1,40,0,0.0,0,0.0,0,0,,0,0.0,Недостаточно данных
source_group,Социальные сети,Низкий объём · июнь–июль,19,21,11,0.5238095238095238,9,0.42857142857142855,3,0,0.0,1,0.047619047619047616,Недостаточно данных
source_group,Реферальный трафик,Низкий объём · июнь–июль,6,19,12,0.631578947368421,4,0.21052631578947367,0,0,,0,0.0,Недостаточно данных
source_group,Email,Низкий объём · июнь–июль,1,1,1,1.0,1,1.0,0,0,,0,0.0,Недостаточно данных
source_group,Партнёр / реферал,Низкий объём · июнь–июль,1,1,1,1.0,1,1.0,0,0,,0,0.0,Недостаточно данных
source_group,Органический поиск,Органика · март,434,513,290,0.5653021442495126,214,0.4171539961013645,32,13,0.40625,3,0.005847953216374269,Недостаточно данных
source_group,Прямые заходы,Органика · март,307,369,166,0.44986449864498645,149,0.4037940379403794,154,51,0.33116883116883117,3,0.008130081300813009,Недостаточно данных
source_group,Meta · соцсети,Органика · март,76,91,37,0.4065934065934066,32,0.3516483516483517,81,24,0.2962962962962963,0,0.0,Недостаточно данных
source_group,Внутренние переходы,Органика · март,68,89,72,0.8089887640449438,70,0.7865168539325843,22,6,0.2727272727272727,0,0.0,Недостаточно данных
source_group,Не определено,Органика · март,1,29,0,0.0,0,0.0,0,0,,0,0.0,Недостаточно данных
source_group,Meta · платный,Органика · март,12,17,6,0.35294117647058826,3,0.17647058823529413,15,1,0.06666666666666667,0,0.0,Недостаточно данных
source_group,Социальные сети,Органика · март,14,14,4,0.2857142857142857,4,0.2857142857142857,4,0,0.0,0,0.0,Недостаточно данных
source_group,Реферальный трафик,Органика · март,5,7,3,0.42857142857142855,2,0.2857142857142857,1,0,0.0,0,0.0,Недостаточно данных
source_group,Google · платный,Органика · март,4,4,4,1.0,4,1.0,0,0,,0,0.0,Недостаточно данных
source_group,Meta · платный,Разрыв данных · апрель–июнь,6,13,0,0.0,0,0.0,13,0,0.0,0,0.0,Недостаточно данных
source_group,Прямые заходы,Разрыв данных · апрель–июнь,2,7,2,0.2857142857142857,2,0.2857142857142857,0,0,,0,0.0,Недостаточно данных
source_group,Meta · соцсети,Разрыв данных · апрель–июнь,2,5,1,0.2,1,0.2,4,0,0.0,0,0.0,Недостаточно данных
source_group,Внутренние переходы,Разрыв данных · апрель–июнь,1,1,0,0.0,0,0.0,1,0,0.0,0,0.0,Недостаточно данных
